index,PLTR,RKT,ONE,AMC,REAL,SPCE,AMD,DD,GME,TSLA,CRSR,RH,BB,CLOV,NOK,AM,WISH,UWMC,BY,MVIS,NIO,APP,SNDL,AAL,TD
2021-01-28,,,,,,,,,,,,,,,,,,,,,,,,,
2021-01-29,0.02664051505901495,0.14030969896405052,-0.013262586888394915,0.6581692039228614,0.0,0.05543955824195817,0.0004570488695341231,-0.0073965667723155035,0.9613118775009323,-0.006499638178406356,0.0034049519925650235,-0.007257454546571841,0.2273037549771716,-0.0014214288929030893,0.09381664648092403,-0.0012148991691691648,0.01581718254914825,-1.542405242763697e-07,0.06208277701243779,0.006906103910986882,0.011307175937801546,,0.008484883864502241,0.0325966928261458,-0.0069385450512200065
2021-02-01,0.004263829578672221,0.012640375050459018,-0.008021382704083474,0.28205125992170055,0.009712818381427837,0.06502590187141534,0.0138954045993383,-0.06570152935346106,-0.025969238281249824,0.026161516217431072,0.027474908620933186,0.006311006589629724,0.03829786859883281,0.012903247859274455,0.08991231149288777,0.02839499247632665,0.05919523460959306,0.024218071139926772,-1.092052380731439e-07,0.028129367863496613,0.03631578411972314,,0.22699386862009982,0.004659284994209428,0.004594497474543699
2021-02-02,0.004122479193835856,0.013463232972726983,0.018918900632614814,-0.28721808975308494,0.02036574322504786,0.08923590175427862,0.009468334097491229,0.011484880508123038,-0.3744000244140626,0.005798924913188735,0.024953053226540917,0.019977652135048287,-0.07928912087068964,0.04055028594690832,-0.030674937697868648,0.010140418623101494,0.025969844567905926,0.03762367282488205,0.015719523595106887,0.009497988161239543,0.0012282802730759466,,-0.10743800920098698,0.011282691943944096,0.008663310942153769
2021-02-03,0.04416501971849219,0.03151870040628845,-0.0026809625769762826,0.13171357892560298,0.009132391530136832,0.028818395603408445,-0.0029259749543618656,-0.00981035779899612,0.24455557929144997,0.004846574331051412,0.028466965957837688,0.006289348946883602,0.014718621081090608,0.007158155038223087,0.022075084000777803,0.007782095878819993,0.0027444228045617847,0.06001935011296645,-0.007710594149218946,0.0550458807332168,0.0034068249085434966,,0.13461537579813007,0.0012055730910013542,0.0006925027931402768
2021-02-04,0.025818690058671875,0.018859088600008563,0.005449585970229892,-0.030100384584838578,0.005327912710970447,-0.002100821675922485,0.003754714226264458,-0.005738025070313913,-0.01320204709832036,0.00036270174883085995,0.031442579768266934,0.004824930614978523,0.009999990463256688,-0.1225806495718554,-0.04468092040124189,4.344495300652151e-08,0.005519139312705765,0.023725811735799688,-6.496816896533599e-08,-0.01187911529510246,0.013970358394034686,,0.033057818671050565,-0.006818229354116496,0.0005170632325309422
2021-02-05,0.017472742172282684,-0.0032451736967541813,0.0668449196156463,0.011283486880723727,0.01200965371924591,0.007858192536244066,0.003529203106928609,-0.0003897605745305181,0.010093475056585732,-0.005870645880193327,0.022454471909944648,0.008692779542161256,-0.018930004070579654,0.02452986115811439,-0.009153279584707066,0.011363554234679314,0.016040997711311532,-0.02021172873049785,0.0005713737381153989,0.01645692909482234,0.0024306112509466784,,0.03478267990573966,0.011494296972654403,0.007898284886666686
2021-02-08,0.09309844507110272,0.014331942451011768,0.008749961853027344,0.007320672224507503,0.002078185599295534,0.030364400464587164,0.0046643461387669664,0.015954828269304493,0.135486955344593,0.0204639625935405,0.029184163346974764,0.007721869308076439,0.04157220028458826,0.008507320501239094,0.014218170031391242,0.007462784295037252,0.01573422551009404,-0.015015116730441223,0.013097986516496168,0.08665511293809619,0.007234933392569855,,0.017699098239743364,0.007562487302373126,0.002909049837738232
2021-02-09,0.02357842737329484,-0.0032377828265737108,0.026315827448943247,-0.05987053330688353,-0.001234517705298122,-0.0033777533637151516,-0.0008746237016183624,-0.010031866276887319,-0.05649998982747396,-0.009612920661152234,0.02196125863605044,-0.0013199808988198967,-0.010901204194004518,0.020210186120684905,-7.58176545180139e-08,0.0036363327945544647,-0.019496605987601074,-0.00841219465044497,0.007119397680692888,-0.04483694534234749,-0.0020314699933082964,,0.08593751309672344,-0.0016882772016137224,-0.00016972194910643573
2021-02-10,-0.0005238837837479434,0.0014117007503602964,0.004975119657066306,0.03818182511763139,0.001996774569985971,-0.012693956368257507,0.00648989455641757,0.011977871483808349,0.009143293021591073,-0.0068514199299259,-0.03579423403824459,0.01055267152017282,-0.02680570381020904,0.0015197916410009042,0.004773292352587914,0.003592772757624125,0.005756859882865432,0.003233037290226431,0.0016059049384621012,0.02751683299216565,-0.00461490952933107,,0.33939398186703884,0.006307264887298556,0.0005075632962391851
2021-02-11,0.0025210126236555608,0.003342982936467969,-0.007108941815807288,-0.031034534354554066,0.011448911030431502,0.005535425060238578,0.005955636825613352,0.019482251826712486,-0.02324223483737953,0.009467949414579865,-0.0036320745651535554,0.008252712661755821,-0.019847345138219702,-0.00959999084472642,-0.0023980979953840157,0.0034884718633693603,-0.002789397589079308,-0.012101320078348807,-4.3226707422805776e-08,0.4057143075125558,0.00701926733524945,,0.3423728725890327,-0.0063182430393823276,9.646534663109717e-10
2021-02-12,0.007550588806749813,0.00483792552398358,0.017073212997464737,0.019607781472250417,-0.007936473610684745,-0.10200305317043348,0.000971253338374585,2.8966609240992876e-08,-0.006849285412373128,-0.012813202231243133,0.005917159763313609,-0.010373854211384285,-0.013643665792413903,-0.0070774385118303595,0.0024390417024603354,-0.013745847702848337,-0.002492866631567033,-0.015217376169258352,0.00955934192109121,-0.0431457690453871,-0.00016595546962834518,,-0.18907569128361734,0.0011771899960633546,-0.0038850624160538237
2021-02-16,-0.05922906294848257,0.010638312946087905,0.006756696528056335,0.07871199377637958,0.010572329746711207,-0.026040678539029104,0.0013864230293977823,0.008255106711779625,0.004961799884772714,0.0023035888031913104,0.014634171411851827,0.0049400136327153905,0.006134963492337531,0.009933765423590821,5.5090044626738617e-08,0.014900738774764617,0.022586481408111165,0.03436795199870464,0.011794697559772372,0.08837975155353184,0.009189691992985529,,0.07692312100935403,0.02084532098788087,0.004377806176093039
2021-02-17,0.005387917302734876,-0.0009723357533715279,0.00686503674919696,-0.01238941070439481,-0.010504175163528522,-0.01330424891823503,-0.009840384155784464,0.0001408945905346221,0.005251507676125026,-0.021514084647398582,0.00024970832429059526,-0.0015390613854783894,-0.033579020977164066,-0.03133156343328691,-0.0072640610317141596,0.01090506769696095,0.003388560030029252,-0.008918459217054512,-0.011464238943834377,-0.05775712358952058,-0.022117193709530025,,-0.11415524815889694,-0.007295126991744899,-0.008891089647675012
2021-02-18,-0.07717873554195573,0.002493776950246473,-0.023809502184254882,0.052252243583189695,-0.019491802118517983,-0.03972577565318503,-0.009450812546612767,-0.005000682428189507,0.05550725137103678,-0.021612478196268377,-0.037009623616525114,-0.009696298078797558,-0.043286200028981536,-0.01855124061911309,-0.009732306785408876,-0.09945350847960847,-0.019875757756452214,-0.019187468192086804,-0.003727628875963488,-0.029873425447488132,-0.03262384755479368,,0.005813947847045743,-0.008893821536839555,-0.0011767075106948984
2021-02-19,0.07350021358212547,0.010961642865960127,0.0023529950310202208,0.005444597409259883,0.019459492451435682,0.014757068917716058,0.012522570148857545,0.006101268739386004,0.014499881359067627,0.00967765890666934,0.014556733580044558,0.009474191982621177,0.002742293217204901,-0.002770058465607418,0.002427251544417153,0.019950011929336233,0.031474854772638616,0.004645799094902551,-0.0005409704690597354,0.08148554538537997,0.023700182037380398,,-0.055172441575528954,0.010728432743070783,0.006218453936681915
2021-02-22,0.033103416705953785,0.0009867860076933773,0.004750589250663438,0.040350881889439694,-0.07441525603182111,-0.038484029280242846,-0.01596338776452272,-0.005301673533569819,0.15028328285759246,-0.023883237470977443,0.025115313447961304,-0.015538412339346167,-0.026605502018551736,0.0018215353913936998,-0.012285081360158727,0.008717391136529204,-0.025381874584374242,-0.019230814084092867,-0.0005308395297445042,-0.022438979730373648,-0.015625010829331955,,-0.06862746473002254,0.062098491887642056,-0.003633921519718702
2021-02-23,-0.07285717555454786,-0.01861825073432962,-0.0368550587323936,0.06412207438572091,-0.09542123003650685,-0.08359860708918533,-0.02307603557834017,-0.002737725504619096,-0.022391277810801784,-0.07329600436275367,-0.061901265400048804,-0.031906820049632106,-0.03651688503545707,-0.04151624921610179,-0.007575735989223133,-0.011207904696156873,-0.045433893212222035,-0.052434517484542094,6.808254546818974e-09,-0.05312667961735671,-0.09984217329955791,,-0.09790209148954906,0.01174167147003089,0.007547093042147735
2021-02-24,-0.0014953613281248673,-0.012000122452772636,0.02732237767417222,-0.061038935303104336,0.007452143414173443,0.025135883473437363,-0.004838282311193413,0.0036393973802386187,-0.006004012684779804,0.018616490513585614,-0.010169476014753907,0.004991369121237934,-0.010576890453077338,0.0026652984468668994,-0.0025316515948318502,0.01444041167176515,0.008974989767258983,0.0012439308206683706,-0.0050607701539093055,0.06423712006623765,0.004072505812539196,,0.047619097176953167,0.010164617297787346,0.002741888460239783
2021-02-25,-0.021599079500085418,0.001476466146933714,0.02216071037379081,0.19801981963910156,-0.01804220065718257,-0.024284452684808465,-0.008856731663653755,0.005301391903739308,0.8488714344268472,-0.021387556534138954,-0.017071905070281307,-0.00543935005139298,0.07243822178488699,-0.003868468207229158,0.05198025561237421,0.00550058927904434,-0.01958861983524914,0.006281397969884814,0.0014792890299155119,-0.0439865839894004,-0.0050135390121568545,,0.0620689042825068,0.014207125127316833,-0.003301359300565806
2021-02-26,0.010016764926436224,0.1723618108075384,-0.0053619251539523275,-0.01206277224727199,0.016949145860284783,-0.15364586696442498,0.01395294287099621,0.006191387518636378,0.0802905863883835,0.026062018205873016,0.005232680240236422,0.01168935261743975,-0.009451831965107472,0.021627192309161766,-0.009876587044074797,-0.007717648320148953,0.001581480639505954,0.006544480936614849,-0.0029969965185944244,-0.06304081820303714,0.004058932303671907,,0.014598526172921024,-0.011984659285002135,-0.0077394972603894805
2021-03-01,0.05397493456557132,0.05263160028476309,-0.0028248560935072477,0.10611727883983678,0.023884051728129498,0.04566212151066112,0.010176317460804675,0.012941045965667988,0.027521162871528854,0.021628401704755735,0.026785688626827134,0.02551136874236236,0.02388057378739418,0.06063836932236567,0.017857134589195515,0.014739144161373938,0.02702696393681451,0.054161235984825556,0.023092233213968492,0.08944188887802161,0.060506783128538306,,0.06015031663510029,0.03868192193333353,0.017724167001316102
2021-03-02,0.0076582240285188894,0.1251029635917538,0.005970143730110863,-0.004357294174649967,-0.001419478889075572,0.0007865437802030211,0.00613495523835345,0.004079783029964463,-0.028820607780119214,-0.00020873763684017943,0.003788887327679185,0.005079467482849243,-0.0009166112760497958,-0.05014460075486479,-0.00247518617304411,-0.0010765194078671807,0.004596534879396605,0.06684134752011775,-0.002428297603529339,0.0886867227066435,-0.07335204650925674,,0.018518500530834543,0.00472145325915283,0.002278241982841324
2021-03-03,0.020833343072654265,-0.10793268170182255,-0.006060600368334901,0.0022395860476918305,-0.057453955220208394,0.039384009426379804,0.0017829731460357573,0.007125179750762486,0.036639040614937834,0.0022580091303770647,0.007700953566688263,-0.0016210624017284154,-0.0019048055013019141,-0.005530994573656414,-0.0099009553343139,0.0065217682864840455,-0.0031880694428959,0.33296823710251383,-0.00439874364729406,0.007669566661662926,0.0297990503175215,,-0.007246369925948794,0.020055983883615982,0.00466461700356038
2021-03-04,0.05341247226501666,-0.0003570160034229325,0.0,-0.038461529911472794,-0.004583358764648289,-0.031845101132952136,-0.007791210099710505,0.0005363868536060964,0.0066033152907797755,0.003980366713639068,-0.009009048958607803,-0.014912753469507765,-0.01379304383350336,-0.025331729687973637,-0.005025132185532379,0.008630153199476022,-0.01784319897675337,0.033264011727179355,0.0033205530516961903,-0.055338505650675655,-0.025042069140356782,,-0.05384610446952324,0.004961687414209101,0.00048066520027632235
2021-03-05,-0.014961542205160662,0.032762430682665045,0.006535941601471796,0.006226674022112656,0.019334546295014157,-0.05313527206408993,0.01607717041800643,0.01568955557841938,-0.03158298255990221,0.007434338148553779,-0.003363932959788542,0.01266418399942874,-0.004065036710645525,0.045267479483247185,0.013088966342818437,0.013669718348467141,0.008751547912509922,0.01489126344109781,0.02367158047085187,0.02490565461932448,-0.0010182561627564589,,0.017241363363798883,0.007532949582686663,0.0075892993220264045
2021-03-08,-0.007515670122830063,0.03668196779681719,0.00943395306917819,0.05962727091469922,-0.012267171965286056,0.0007328160404589939,-0.006240421354027144,0.006754045096540218,0.12450989699819241,0.00434814872959196,-0.001570327789602306,-0.008151092939423538,-0.006349149963321382,0.008545907009944113,-0.0051546812080047865,0.00845674559717475,-0.011254966673457217,0.010368660795227375,0.004728055060352031,-0.004680145660736984,-0.029913392059584334,,0.004405282179418517,0.016136914982619696,0.00254691233201379
2021-03-09,0.038188218717662266,0.011736180455123611,0.027491381905996877,0.009687852847949718,-0.0037950628081400125,0.06747074865624654,0.037452735353568696,0.004388251801045546,0.11933165405587243,0.08024865484152975,0.04187867668714826,0.04876998866495859,0.045128162090594955,0.028571434132211828,0.023255845605163916,-5.971548437771293e-08,0.0909661133899649,0.02357324782993422,-0.01246526953969683,0.028037375605061008,0.06447033560886167,,0.05847458371962624,0.005589233491906105,0.0015686228140260837
2021-03-10,0.0317395074401927,-0.003530744026635175,0.020134208857554185,0.049523853120349536,0.030707634852820666,0.0907284037930215,0.015535479939734292,0.008725665029885997,0.09125151614520795,0.03966859174143378,0.03452380655033527,0.014907100796859321,0.05358855787922539,0.013431088643158923,0.02020200074126489,0.008948695533067813,-0.007062915450343446,0.0034561877660612486,-9.58472206280109e-08,0.07315339052218477,0.05199520206087777,,0.03597127484902674,0.0032407265549990586,0.004847452477464865
2021-03-11,0.048484879310684834,0.01425809515142329,-0.003448272460139445,0.08121819351048337,0.042504585961930796,0.06243870015968355,0.024251870023534794,0.00860604728402995,-0.08815094569943997,0.04691199438673171,0.029873316134581017,0.020222638537900156,0.020309481145840254,0.030826141872172124,0.030303041686946582,0.002087663545197572,0.02218890001031114,0.023309914778721942,5.593872687433291e-08,0.02926829722153105,0.07550820316863585,,0.019084043098801365,0.011494252873563218,0.0003110787171070797
2021-03-12,-0.037037029108581275,-0.011614335378264408,-0.020270250677801454,-0.011673140921804007,-0.023013489832540247,-0.03097084153716636,-0.018466083195993906,-0.0014307142915606621,0.057692307692307696,-0.0423098579458162,-0.022888408502921537,-0.0012017357805216543,-0.021495284704320564,-0.029988492110022556,-0.002439013221792226,-0.04131344996474286,-0.04814233631136516,-0.00578025707799739,0.007787414450858859,0.024949419248993975,-0.05474691558968954,,-0.05633797614353418,0.001354432828992618,0.0038526517753693277
2021-03-15,0.015973265377307495,0.025589768008946873,0.02147237222318245,0.09139789173027613,0.0,0.03241675706560893,0.010610741245776064,-0.00012968810447092156,0.049224911204808604,0.0005190007594532218,0.0005867559269958026,-0.0063560669973325,0.020253144590058978,-0.0011223601630858033,0.01658772552962319,0.0055431703986443285,0.011266147998798286,0.010843448996330414,-9.556121447549259e-09,0.06353753027929722,0.0010988843310010302,,0.00704224701794191,0.050492013498184336,1.05781111604734e-07
2021-03-16,-0.0014931285614162067,0.012015496606877594,0.0,-0.02991453542985027,0.007786907255249597,-0.002586211337959948,0.014060650449810606,0.005735979642018107,-0.0771327145208371,-0.0064836382174189265,0.0011611295977205275,0.010809995069283719,0.016267086936556492,-0.0005633931764414613,0.004651125017367431,-0.00782126367185108,0.010988962729750354,0.01071429546493508,-0.011770176266656765,-0.0072910354079003615,0.0024482664056177115,,0.07716049360004325,-0.0023837690012126645,-0.001368098056405975
2021-03-17,-0.04256150435807927,-0.007199948975142799,0.0,0.01689702808138593,-0.019810134185088375,-0.01999377867550101,-0.012084592145015106,-0.00169517580661838,0.046452410308892675,-0.029562122711970656,-0.02867172420966683,-0.00662542882447618,-0.011343814485880397,-0.0406503416668522,-0.011792327156222849,1.876666648068596e-08,-0.02235549858238446,0.004728197283919478,0.004793733331916029,-0.06833034009170903,-0.0407508875197043,,-0.06622518177048388,-0.014303166487220893,0.001969127043519317
2021-03-18,-0.01904004600031776,-0.008163368238288362,0.00619194452272822,0.05752210242138323,-0.012330925754518284,-0.017783113780971943,-0.01900036000254467,-0.001020564967988853,0.019970461322921695,-0.024964049517956978,-0.024233630103786496,0.0062260260954305905,-0.018103450969057,-0.013714272635323661,-0.0560748321800257,-0.013422777766669457,-0.03556263645793599,0.03867392958249443,0.007575737416110103,-0.03096335429995043,-0.03261839006303711,,0.05194808110195271,-0.0015897857083184812,0.0033193868287309074
2021-03-19,0.001251071193419631,0.0060606529502142585,0.006369420464437716,0.010000024523053597,-0.0042808381359975695,-0.004380456622617924,0.004736240452880531,-0.001148486246315501,-0.029838930718517516,-0.010043477598622157,0.007822278071386513,0.013727634072459957,0.006505547707733099,0.010625755578572347,0.007672649695892348,0.002344651343379715,0.009269979449037047,0.05679292678382575,-0.0004707111962429758,-0.008782897950683294,-0.004564074862630126,,0.0,-0.000809735107121031,-0.0012063916451841652
2021-03-22,0.02343748774575559,0.007368874162021146,0.03809520061144145,-0.05599430506514026,0.013722114022807855,0.011164723557609297,0.011763222032564951,-0.0012970241343679596,0.02491631361622322,0.04538310192844141,0.015493792522392654,0.01545748136131805,0.004566227543908539,-0.008225692904327082,0.012437801381486134,0.006756798046123783,0.002239586047691831,-0.04627551094213443,-0.006647695082578556,0.029971207281300285,0.016609025283656136,,-0.050335602150119695,-0.014016759461178821,-0.0015193043241021693
2021-03-23,-0.00908337405415139,0.014789042350709746,0.003267970800735825,-0.0824659529100199,0.006869894423466433,-0.010545969051968614,-0.002117133149176415,-0.011088135843255647,0.015476345425583855,0.008611969449626866,0.0023227240883537574,-0.016380988885957678,-0.0018674563671738837,-0.022753106954846287,5.3714592307245046e-08,-0.016949145120561303,-0.008898768158267279,-0.009111566166548707,-0.010571779063954588,-0.005564745572737772,-0.00838371698107995,,-0.03846150319251643,-0.02014265815245841,-0.0036597663243826497
2021-03-24,0.0017196477981562676,0.012152723131353156,0.0,0.015009366763823523,0.009308554822366743,-0.00032331809838873364,-0.01058936247441578,0.011816218565397794,-0.13078406752385643,0.008683702176520617,0.020330349395010685,0.012782694198623401,0.01390271574632795,-0.009673624298928332,-3.4619706043804634e-08,0.022222129535510737,0.0054347919982115165,0.0011848760339116455,0.013533769229651943,0.02781292936444067,0.00048568376919506923,,0.008264454667761998,0.023349818009653054,0.00015413162117129152
2021-03-25,-0.03107853856989486,-0.023978722685890234,0.0037313396321503886,-0.006651930883779037,-0.0423004400318375,-0.027777752022683795,-0.00823751118148172,-0.0019562438861866972,0.02617584861008582,-0.027400985285789433,-0.03896100276999046,0.03691947022927156,-0.028183664534404847,-0.047979143006135594,-1.1281797375653141e-08,-0.016222580148494967,-0.039631839571143856,-0.015990250718982187,-0.0074368027421626735,-0.018181801105005505,-0.04653672750572275,,-0.04888884226481159,-0.025676271419302506,-0.0006162775600909909
2021-03-26,0.0022143152005973995,-0.007565698576060298,0.0,0.030164615177143105,0.008699658092040213,0.003718749514377542,0.0052479863483688395,0.010624489773158115,0.07580948394982963,0.00231106112665183,-0.0033373972514276437,0.020639567848773833,0.017206485255548156,-0.010230230023922956,0.012594438425023648,0.010146570859349589,0.006345141265426558,0.009768194914097496,0.02034884958935846,-0.01713060436811457,-0.06035838649761977,,0.008196713302251813,0.01624940379650356,0.006913666748311102
2021-03-29,-0.004428714871904499,0.014219975770970776,0.01646088919923621,0.007812492724042747,-0.0022421183305448857,0.042919920622325386,-0.00490898934033386,-0.0011469197678484087,-0.0013812154696132596,-0.004961948594966235,-0.0068814300306409655,0.0,-0.007268919417690233,-0.026350498297961523,-0.0049260476553955835,-0.0054229365680792205,-0.01172107572115711,-0.008771963866162904,-0.01548569207663589,-0.02230484721109162,-0.024079787458124453,,0.02654864735961485,0.010030507595955522,-0.006522210701067027
2021-03-30,-0.01702710260833694,0.010504198768292713,0.009345785021542692,-0.0038647304713771216,0.0009756320860326011,-0.010270429526306383,-0.008685483202573382,-0.00012810236611207282,0.03419744536061702,-0.015606305305592651,-0.0031152174104215327,-0.00303946220900447,-0.013043466092057147,-0.013624029889763566,-0.007462696345056325,-0.0078124760768659264,-0.004587198391127936,0.0012593888627314088,0.001937969772346628,-0.018961293795606095,-0.008729866889511172,,-0.00892856287560924,0.008293345059933862,0.0004577089926421829
2021-03-31,0.020871100969355547,0.005172434025056875,0.0,0.004830843982388311,0.024381100553531997,0.004976825776924768,0.007499995984529194,-0.001021474340699965,0.015633000006041998,0.01730593764277658,0.0060132523461366395,0.006649983723958333,-0.07815851006259125,0.015299044873294287,-0.00501254369317056,0.0011336741200512564,0.02251650267047725,-0.003816784062095636,0.003796917151577505,0.05280256672408066,0.03754993012144979,,0.03508768627628193,-0.003731349479950828,-0.0010696338026497468
2021-04-01,0.028338334970699396,0.009094824791067529,-0.012931022522849068,0.0019588152805716116,0.025629692674120737,0.02154756032791939,0.021146543466361464,0.005046623915056459,0.01864921056549302,0.030602013183330723,0.014418730220354267,0.011347669809407844,0.018979815138781667,0.009259282035872661,0.010101003383385302,0.005537307371229626,0.01962027948572329,0.008827234255347914,-0.0047281365635990875,-0.0749325847340952,0.0661878363610334,,0.02654864735961485,0.005020955696600044,-0.0003067301213641471
2021-04-05,0.030775942835429778,0.009312666154101496,0.01255228873346551,0.0790599093948237,0.019823737465484978,0.014308960457158399,0.008015804109429741,0.012031102469139139,-0.10681638691156924,0.06945224325297507,0.018600563566069456,0.015815158458999373,0.017441815334505686,0.018970171316345784,0.0025001055690969114,0.004385635068130134,0.016230074757099793,0.012903213500976684,-0.0037541978502655137,0.03346200163229242,0.022188630143745426,,0.018181800448205648,0.025146624424678098,0.0036508930737779175
2021-04-06,0.00469277732494523,-0.0035650551170308964,0.026086932184114293,-0.019792652680701954,0.0026917659703007885,-0.006756782444660549,-0.0027017219682994582,7.372816937200444e-08,-0.009307249332861572,-0.001085304989868102,0.00408996177390244,0.001956443752242123,-0.018279577721225005,-0.0013333638509114584,-0.007407506733898674,0.0033335909784870553,0.013054880347485826,-0.006451622806265893,0.001871822589439925,-0.012109597543957306,-0.012210621355064831,,-0.014018788942859047,-0.0012380841875209271,-0.0010502440761285463
2021-04-07,-0.011602941661034085,0.002207494066800018,0.00826445466776292,-0.012745109497240826,-0.00868813027638311,-0.008140671033963104,-0.0014735110877282917,-0.006489312138555738,-0.0069376627604168205,-0.006679961756173189,-0.004616267977971609,-0.01065068400934492,0.051167969950877815,0.0,0.007500101041865324,0.00224467025190177,-0.000644344625442851,0.0025188744265982705,0.007055419705319327,-0.026109636194405903,-0.007499980926513672,,0.004901956201103519,0.005403203283493906,-0.0018083554883198416
2021-04-08,0.013100486873651479,0.0008858151014125838,0.0042016764631987915,0.016243638702097107,0.013353877890181607,-0.0061559612375091995,0.01362533805551415,-0.000661322828652437,0.044445713366603266,0.00955338459181754,0.0,0.0066545938470587125,0.008978667236373803,0.0,0.007407267233131932,-0.005586632682249507,0.011863229392815302,0.0012903930733284422,4.540201339895345e-08,0.013013669549245068,0.009390889987182521,,-0.0040000081062316895,-0.0020894752934192407,-0.0003652748391604815
2021-04-09,0.0021358068084770905,-5.963844608303467e-09,0.012195110131936393,-0.019407515947256256,-0.013528045356316798,-0.010274011526394898,-0.006598625464090998,0.0035829202663269304,-0.0032890730451141754,-0.008818321686698272,-0.009584717633740079,-0.005907096803547975,-0.012711852848854637,-0.0418080026310634,0.004926182265387531,-0.0033632006276085487,-0.005681812794001229,1.1703429183892231e-08,0.005553012075228562,-0.01978796752789401,-0.00904398661287732,,-0.004950490375089741,-0.008456611366459263,-0.0003044076144847082
2021-04-12,0.01996670232763171,-2.82324866925075e-08,-0.023999977111816406,0.0021230895888934807,-0.007986571111630343,-0.01297817825149705,-0.008458247457321807,0.006722957313247459,-0.0015786814791389824,0.01282088036597653,0.005668216709853454,-0.0018917952823672437,-0.004381156774550246,-0.01583436222130146,-0.004842643083708588,0.007034027022199773,-0.0036629478723694876,1.2784212953513093e-09,-0.017487433931136505,-0.009142061322062306,-0.004197267888123691,,-0.017000019550323486,-0.013169131743173678,0.00045354728421853694
2021-04-13,-0.0064267188324606,-0.005412744833891244,-0.01754384313814086,0.004640366865901994,0.015638243517312283,0.007471006805037909,0.013871167122572657,-0.003280911017804313,0.00559932359080898,0.015271135981859347,-0.008612922975967278,0.0025630581167739516,0.004429674754803778,-0.010230230023922956,0.0024569744955267136,0.002406658541945283,-0.0007353109265691639,-4.0731798170408e-08,-0.021797233031671453,0.020897794310756567,0.009154554608922652,,-0.01935484573901459,-0.03186379515924738,-0.002104627406604994
2021-04-14,-0.002753725201185137,-0.008703176538395627,-0.008810564358838013,0.0180995299378213,0.010075557270905817,0.010788724872827588,-0.003865883259135674,-0.0018375002120059362,0.01829918242807507,0.010992765245958498,-0.0047463616659015224,0.006288358706649192,-0.005494526224051414,0.007682451116406453,0.0,0.00461900482143445,0.00490537439234186,-0.014304308431975834,0.002333209028236604,0.027110796716228458,0.019490644722508034,,-0.019387748399311212,0.017287291942796112,-0.0013569604794058533
2021-04-15,0.013080145821224923,0.011235921230235925,-0.013452901853442301,0.05668446110671503,0.02141327588143398,-0.062218884123853686,0.02253337459325276,0.006791098032296715,-0.021197374678271808,0.014845056071357362,0.007073323360180497,0.00728427625885583,0.011111153496636285,0.020215646068072808,-0.002421362858288767,5.213460261469481e-08,0.01626018265859184,-0.006587628966836541,0.007289286644684689,0.005672584599566534,0.0,,0.008888907138212712,0.012516708484239233,0.002565441718292656
2021-04-16,-0.012526955203341907,-0.00922672112561651,0.012820501064172004,0.01010104902252232,-0.009721028897702428,0.0030355462465472207,0.0034935659325898297,0.009597928131718165,-0.002812595464967433,-0.013805172239176204,-0.002927355812873703,0.003822652437474583,-0.009122106408734568,0.0013605753757266008,0.004842598543304581,-0.003444398733280384,-0.008647846544208849,-0.010554094924004886,0.012756055213470792,-0.03524233997891665,-0.02720138039410357,-0.0030674380000500824,-0.03403754029260004,-0.0031631133067696626,0.004853515496120665
2021-04-19,-0.014241197356603159,-0.0027125630522169056,-0.030701725491746164,0.0160771296631148,-0.0020886024767646457,0.00984587055765793,-0.0002435090942102509,0.0029862256965888226,0.11060831560095541,-0.027278451582584164,-0.00429446000617329,-0.008479125110815602,-0.005747148486326996,0.09070297260943468,-0.00239232860266886,0.009195446464876876,-0.0024115541787073803,-0.010680976311958995,-0.003637933708116926,-0.020852180217993,0.019118831360257393,-0.01639344262295082,-0.03187722541012851,-0.0027236210358992543,0.001660604045399269
2021-04-20,0.0009115109356535871,-0.0018174057987131733,0.012195110131936393,0.004140782865927606,-0.011245684232010627,-0.08504006791044598,-0.003575402704291593,-0.0035079092963541145,-0.0013992561560588694,0.003904087441446375,-0.01150136627119654,0.00043646835347523294,-0.003480247490658251,-0.026887303705325487,-0.009592289666305404,0.004566214140536705,0.0024370212793319726,2.318099050193851e-08,-0.008268335205784452,0.041904721941266744,0.010603572664280712,0.020047575483175418,0.09574465319386147,-0.024593911742948844,-0.0035018112694535026
2021-04-21,-0.005968827548979469,-0.018458604173960412,0.01271195387368078,-0.003232729939054249,-0.012107558728805975,-0.01572926267427773,-0.0035322163637478334,0.0038599814558681667,-0.000820064869826252,-0.019777703300833994,-0.019432365484259598,-0.0016824014531741352,-0.014616307551950565,-0.011600861847218496,-0.0024097749102858137,-0.0034682574307176033,-0.0033139985803134213,0.009681963365574663,0.0028315797661568423,-0.0057748236413929415,-0.010831343692754817,0.005652537721742235,-0.005938236563329298,-0.017673077836019725,-0.002309104025534228
2021-04-22,0.013698691329536829,0.002739691523213651,-0.015936239842632517,0.017382421363553432,0.008307766494832782,0.012578647069473353,0.0,0.0019357497845213895,0.003722235929130908,-0.0035209309444438337,0.014911681517594522,0.004185692541856925,0.0034641724595591426,0.0032044510139665337,-0.0023753413557616567,0.005643484128205798,0.0320256668962917,0.0053763387385784,0.009263576840646116,0.12400001525878877,0.0023136285104772896,0.002264995737549459,0.0034521994422130236,0.027129923303886954,-0.0027183189134973892
2021-04-23,0.0013122825238813833,0.0009144025767811767,0.011627896231359743,0.010010048424508991,0.0078430671827175,0.008747722839051812,0.014545934244769049,0.009529991413990767,-0.01435468806793366,0.0001528232310986625,0.006664684395321916,0.0057919786468357435,0.0023147573257692833,0.005882375380572151,6.025599162860678e-08,0.00446425013682171,0.01755721645334142,0.014397912162739198,0.004156935198976928,0.06088274095571692,0.015921179504018012,0.0,0.019184691354424802,0.009965160238195074,0.00030226372696334774
2021-04-26,0.011960729964569582,0.005869137310596862,0.0036363601684570312,0.052165328831790245,0.0037958733050660657,0.015342967280191409,0.007129003415435363,0.002213384102256176,-0.0013229061908410942,0.015903448310487688,0.0062705008643723125,0.0,0.001129861556667972,0.023945162316012635,0.002381006984756384,0.013363024307307103,0.00516984453629501,0.003821734790808592,0.004464410400383007,0.11240960127708514,0.0214215485441565,0.004615392440404647,0.02874257395705253,0.01942206705626814,0.00237101676410922
2021-04-27,0.0024885717305469218,0.008418249932999698,-0.011152405483875536,0.01565220045006778,0.0025188692993736656,0.005176830470445466,0.0030440755846879728,-0.005459417157403974,0.0865447878402272,-0.02741803020818511,-0.0002951969840128321,-0.012519963859386347,0.007700736375047264,0.009761404553287896,-2.7034051423478723e-08,0.0028138259832385004,0.05508472749833713,0.0036764635971318895,-0.0013710271985167368,0.045007511447518016,0.009385301170893529,0.003344494406205683,0.024110250117104992,-0.0013611926224723976,0.0017669142432010323
2021-04-28,-0.008793931819632077,0.00436687388526677,0.027888419724606768,-0.05322859115591023,-0.0004251797911223202,-0.0029774433918645696,0.042717984142212416,0.0041514124700447646,-0.03189513434592225,-0.011819986385437615,0.015357367052282097,-0.003074162181353721,-0.006458602783969361,0.023809553298526284,0.009478804702366436,0.006674119041479108,-0.014550282321028972,-0.008444017879976855,0.002744672967918886,0.102678557068042,-0.011404936094331406,-0.00730671735471436,0.006703957641941639,-0.00551474439205761,0.0027879063427055676
2021-04-29,0.0008385936035123793,0.0026246036343840454,0.007220209770479189,0.009216536799961322,0.004296824272024269,-0.009369647259096094,0.008093315071941234,0.008955246571119936,-0.01131148085871285,0.007358849613915734,0.008947302793910105,0.006930445641997842,0.016128990909022856,0.07047616867792005,0.15714293048074346,0.00572682358999396,0.016458196636348527,0.0219245970564677,0.01374257694319598,-0.031919965869454135,0.00461282951544082,0.00425531914893617,0.0010638160935458126,0.011059896897702282,0.007852242917312426
2021-04-30,-0.008130103861128049,-0.005676843884872818,-0.0069686347470421855,-0.012745109497240826,-0.00903738478153177,-0.020408206439086873,-0.011202507453002532,-0.0015399409392333667,-0.006754086071381608,-0.01389951720019387,-0.016919429317707967,-0.006591571810332379,-0.01103756918743689,-0.028515236939773116,0.019272020490674346,-0.009101080709427854,-0.015536742189232155,-0.008433767242842382,-0.014078265469581592,-0.22333335876464833,-0.03231603185404161,0.004056138007331542,-0.01336305600579851,-0.006103247202958198,-0.0028832902677654784
2021-05-03,-0.0013021130839140876,0.006681487685749411,-0.007326000288197956,0.007976064390418645,0.019378261338945,-0.01941310666281236,0.004288145826309109,0.010374752312150485,0.022466785169360674,-0.007949952961530834,0.006630537030730946,0.01377864044596949,0.00679506456796393,0.034517683832093686,0.01709407832185817,0.011573854133210411,0.0032444179282799593,0.006127424350042051,0.01409686254478378,-0.03344263795946489,0.012550200755145366,0.008963979879493563,0.01388884768840569,0.006906147818645727,0.004800064637029396
2021-05-04,-0.016143440148851884,0.01111116710363728,-0.007168452042999115,-0.008238921049615324,-0.006749806105076079,-0.006951310520912824,-0.007638524254674716,-0.013030123650248835,-0.019728711519417,-0.008702032063373187,0.013157968285764645,-0.014376636819204355,-0.010452869047884089,-0.003767475517311858,-0.022403189264893267,0.01138966455377563,-0.02446480861549899,-0.013924094704124082,0.0021468567052371915,-0.03463200246221387,-0.013909944975356725,-0.004662047745451087,-0.00724635542436455,-0.007744877921870857,-0.0032072881056850184
2021-05-05,0.007855826298001573,0.009782086164912678,0.013745690952998515,0.0021298725621002935,0.022167446414153344,-0.027884612739439082,0.005597283271720385,0.005786155809702683,0.006843813430943333,0.011074854873869432,0.02945686038594342,0.008440028652417136,0.00956936925734891,0.002207450680250806,0.01914895028717469,0.00553091608103095,0.016976893671920668,-0.0012705888862127163,-0.006063122932358649,0.0006493655278930378,0.01080938160066828,0.0037574931438064006,0.04556956046706198,-0.00326795959733395,0.0024821084871549655
2021-05-06,-0.006146532534814074,-0.13684203967059375,-0.01041673910286419,0.01744818386923867,-0.005804365345184474,0.003009000217422255,-0.002569761954662008,0.0006179473990145507,0.008653153497509156,0.014636192936008968,-0.027495995998297794,-0.005666782406111043,-0.008515893701282994,-0.014592727133069498,-3.283402935756082e-08,-4.628661100025397e-08,-0.021462599819301802,-0.04102565479933701,0.002192076860707051,-0.019336998744679913,-0.0058339276411293215,-0.003437620520632083,-0.021794821242607114,-0.0027816164483663065,0.004896304726742137
2021-05-07,0.010452916021785535,0.009994724069613822,0.022304810967750742,0.035555521647135414,0.02648713351348929,-0.005213784143827396,0.011041219888183185,-0.0044225961818802765,-0.0055896772075606,0.003405988848394403,0.003965865556936294,-0.0010218713254779575,0.0073620150214828315,0.01944116767750742,0.03080091759646499,-0.0021906146227955786,0.019762846445765037,0.01112666983697072,-0.009051880489984102,-0.002142838069370688,0.013358720275157398,0.014052331508380742,0.036465670274294225,-0.0041880015610259716,-0.0070781577610394015
2021-05-10,-0.023797433587569045,-0.012714130273629992,0.014234862159271262,0.041009398555429136,0.00043860654458153804,-0.00152986668596386,-0.007740142485070356,0.007724677577650491,0.0012413689248621713,-0.01110991084874788,-0.005639615151493325,0.002111241752853067,-0.005896136764101898,0.015081219972949724,0.00784307529384294,0.0032329105181195155,0.0031720827075391277,0.010057480362359086,-0.000857201569966026,-0.004255348793859166,-0.004331344162433438,0.03405520118931164,0.009138419497971692,0.010454524647105985,0.006907244595240128
2021-05-11,-0.06876007567021312,-0.05436014234687578,-0.05761321031196647,0.019507242148097594,-0.14032498554462566,-0.19052929719253164,-0.03184627236447282,0.0012242568258869742,-0.043429696744088336,-0.047373758161477895,-0.048648669301415315,-0.030471374142880456,-0.030750307070222218,-0.07263926935156383,-0.026104431970996524,-0.01181523903452495,-0.058922542299830835,-0.05357140633211027,-0.015310670496540734,-0.06565655627370122,-0.054762626502821744,-0.019279273780616554,-0.04371585455880267,-0.04227274114435369,-0.002537749947447233
2021-05-12,-0.010390850766242838,-0.0011667355531976452,-0.004149373488428368,-0.0019900952620984635,0.04869137079739034,-0.045253949458842285,-0.022647474315961192,-0.003138923145292337,-0.00830384723596463,-0.023833476477187716,-0.01839726093552496,-0.012227767815885169,-0.012048238454422584,-0.0196802364080004,-0.016227204390677104,0.013933443407057454,0.004584032431404059,-0.00736385281279632,0.007532215086801077,-0.037491492015984756,-0.014052133030652215,-0.01664794996053307,0.05810808416175734,-0.0097357017822791,0.0002828165324196784
2021-05-13,0.013234516044346611,-4.4587979328627666e-08,0.00938966190232516,0.05426360815665098,0.02073256290246497,0.009950239314132614,0.007636651922364164,0.004233666544443228,0.01830243302820281,0.019749382240093337,-0.00477857984857898,0.009023878914439261,0.005031441863232543,0.017994840965312058,0.010615805486663426,-0.0054525379365836825,-0.1272885792639279,-0.004065055510044333,0.0036165898590996243,0.004497711038686883,0.005047451526275102,0.0011483516419334495,0.046941667063041786,0.005780295306443037,-0.003394553893329769
2021-05-14,0.024496398205368797,0.013268987858401152,0.0,0.0422866047373342,0.020378507373346424,0.011612922914566417,0.01272404366907403,0.007351051758181858,-0.02735562310030395,0.0205005696322741,0.015271956496301692,0.012244835445968112,0.007556667801907432,0.012672176959912192,0.018947372328263216,0.007592176908615849,0.07521586142723541,0.0053908455896685145,-0.003539802203284747,0.015224402325865307,0.023062179261328444,0.007419345388143973,0.015941996560380065,0.01037252381892742,0.007265368076325406
2021-05-17,-0.01743029794818455,-0.009803883243947993,0.04326930571590181,0.053158748720474935,-0.0235131501860951,-0.004326309858092541,-0.0049603852440403984,0.00456522796983789,-0.0004376692485687359,-0.024061455347070573,-0.005384861512108907,0.002062056885305999,-0.014217996626207445,0.016064305992860208,-0.0040815918260574706,-0.002064014056187245,-0.022471937475591928,0.07589874323865248,-0.0004385426768882325,-0.0028490001397229233,-0.002692888773831586,-0.019035979471518513,-0.00848662208767666,-0.003571425226269721,0.0006905479186132393
2021-05-18,0.002932618571647165,-0.004509574739377736,-0.027777860562003348,0.021505390310873645,0.020618569539669444,0.005408663214487779,0.0012055771741602173,0.004689303464100338,-0.033554887112846106,-0.015307832165863929,0.006193891522724783,0.009679311721658639,0.007067187424528863,-0.007331406081575369,0.01629323149980259,-0.0020161627377921843,-0.03986326178132682,0.022167466420282732,0.006073879541377872,0.020408191453608764,0.0059153191398617485,-0.0068866161856678786,0.007946996549562092,0.008137067706790796,0.003685593117956938
2021-05-19,-0.05367228822660275,-0.03293588537780512,-0.009009000301244895,-0.07697790051755998,-0.04986944870651358,-0.04695649077926836,-0.017195039458850057,-0.011749401482990704,-0.04804335398102192,-0.04381609624684537,-0.021522161712458916,-0.019295668361785378,-0.03762837630050939,-0.032998569009592776,-0.016064196417985552,-0.019018968624786668,-0.046718585871744274,-0.03325405804057952,-0.00873740002410071,-0.06167110808228859,-0.035390439692132854,-0.028464797091217613,-0.058227851348434334,-0.025042451865959374,-0.006562814176351233
2021-05-20,0.003870339787652038,0.000585134609492318,0.012931022522848685,-0.003955711184871367,0.01620220317922748,0.1939780134727066,0.007608476664292344,-0.0005936145845005826,0.011609260402896015,0.0204805622002119,0.008153093170483707,0.00598725066285402,0.011709646594427884,0.004385925775139217,0.0020242405558429486,-0.0010100474439843324,0.0032894444460129877,-0.004784696543568598,-0.0013175570955448771,0.017167434381338213,0.015540958517389035,0.026156979189619206,0.009615424765386535,0.00914240305175806,0.002906254390458391
2021-05-21,0.011159608705727662,0.0017412349050735614,0.01357464745336577,0.004780833866973565,-0.009652485128603078,0.02826862132196324,0.006277293216621642,0.006898199742825866,0.002991345477177298,0.015900261748627288,0.009771383391049372,0.013068096411287361,0.006833760984226682,-0.0002805514511298098,-7.632640582161693e-08,0.008000013819582482,-0.0053821518773063595,0.006009637696935131,0.011438567338801506,-0.003486763612470265,0.009612525451685467,0.016200271714306935,0.01679588065671382,0.004867199165762856,0.0031553980031665922
2021-05-24,0.014939733298427916,0.004132204425347341,0.004878044241882981,0.02483445303225074,0.013289023703020611,0.20123397401660634,0.0011663077545772907,0.004873953303537613,-0.00531697052047429,0.001239448245890729,0.0022131395520135514,0.008185800393792754,0.004694830951162475,-0.0014429656987560192,-0.0019801621952112,0.0020041338456791235,-0.023605077313110526,0.01610903679597609,0.0012841781168232073,0.0014419940828185457,0.005871900768595178,0.0010241360115131864,-0.0013244862671687035,0.012405879062095046,-0.0001370375763330532
2021-05-25,0.009425106946803374,0.0011834630651586802,0.0333333686546055,-0.005117006355039724,0.008788410983454432,-0.05652653718542591,-0.0014204623822783673,0.00011728367778756037,0.005499725145130735,0.001434593881810358,0.014404634002446202,0.017541641851795034,0.0023202387504874856,0.005780341244511894,0.003983986812209064,0.0030736034191879104,0.003056187970366612,0.0048543295709675,0.00258842861592392,-0.012561082074955621,0.011981061925005325,-0.004266753417439336,0.011142083942765927,0.020008742775159936,0.003965623144452913
2021-05-26,0.004655511340821388,0.004164109157504702,0.012195110427418507,0.08226693443160683,0.007263857660995315,0.010160227719089948,-0.0003852912800117116,-0.009952089921175269,0.09344414844398699,0.004746225513238247,0.002531643124693225,0.006112890931132445,0.02328286446012265,0.008547000419168392,-0.01400002590708495,-0.01649476725908332,0.003826496477973773,-0.004778967451014134,0.00044647374020472056,0.02367241732885394,0.004990305148286707,-0.008720523759320786,0.009234788037867035,0.013787230279855142,-0.001505419855091487
2021-05-27,-0.0049729026301145104,0.003436539119228964,0.006329107716228622,-0.048568449975929,0.009697665124648031,0.014814800686306293,-0.002935865947032483,0.010210029497020304,-0.052605518779961384,0.001792814663816197,0.0046368325488147875,0.010021961570214996,0.027542398351598118,0.00954981887994138,0.0020203037006908046,0.0010363588548619141,-0.0024539269969882614,0.01050177678182269,0.011852410972273394,0.0013549799308414526,0.005031844540572934,0.0036432525501822795,0.06184367948029757,0.005439375321765629,0.006272982551090318
2021-05-28,0.01321582497699014,0.002179820614531463,0.01324502056478692,0.19947205568882545,0.001120473800349663,0.005789652759483654,0.0030605138838055443,-0.00023610642199532665,0.03478533100397582,-0.003725094201287442,0.0049397916155331555,-1.5542872739886234e-05,0.034102321312095125,0.029374265408904615,0.02564089839427016,7.788736356279484e-09,0.02347295048546018,0.022900743464043735,0.006971808080354561,0.015161072158867181,-0.004369009756154472,0.0024396981659123955,0.02366861567970313,-0.0016373686053072023,0.006258711130420534
2021-06-01,0.01045750601916023,0.0016939648488791758,0.006896544920278737,0.2209034596104702,0.010303395091617701,-0.03778419220211373,0.01161339015872913,0.010876086438085792,0.0517116924663923,0.004126574982789261,0.017296634445996387,0.010810377985716983,0.11519363282685363,0.0013089305047901852,0.00968997344269873,0.020833256092192835,0.008816142463087309,-1.6482469966307573e-08,0.009531903752779082,0.02243586020748773,0.03547391984651108,-0.0008073955129179175,0.061855609288493076,0.018151837384993673,0.008321862745702674
2021-06-02,-0.0017345624069847012,0.006700195349211105,-0.025316506313829455,0.17103618556953906,0.005134064407450359,-0.010041517195494721,0.0023512244418579884,0.0014046870054398592,-0.0005622013783889875,-0.006042666106305453,0.008069469636337166,0.00017284053638115846,0.11678195318267755,0.007761958943272108,0.011560675102050433,0.003948632211807592,0.005168015487474214,-0.016853785162913134,0.005102062055432331,0.052924725081474076,-0.004487449835244373,0.0,0.019999980926513894,0.0036481618285187658,0.001925956623043631
2021-06-03,-0.012678992377002252,-0.013320133341206582,0.006024090761646253,-0.0711430985966001,0.01105587403275053,0.034693220456850984,-0.010247699826470136,-0.003308444757152005,-0.05856717457214406,-0.005486527219408437,-0.015483458556372768,-0.007797059842772121,0.24196724813492596,0.14530898066616266,0.027522967421506832,4.9678902437662744e-08,-0.012941136079676011,-0.012208768858932656,-0.0008753870473802842,-0.04776902277464469,-0.011661796501841036,-0.01212724380842327,0.21681416442674567,-0.015491852178853911,-0.0057717805822055795
2021-06-04,0.0033855237641685506,0.006134919481936395,0.0,-0.04966885916403754,0.014509576705859376,-0.0035472624811243355,0.0079720901766317,0.0049197623958418734,-0.00836627052206102,0.011992868506238033,-0.04720586888930377,0.005657883534969062,0.005037778534604731,0.02561522397106377,0.003649631543230381,0.014070397429073855,0.006038670573352933,0.007909668367461058,0.0074725600764463515,0.007214159681699299,0.012958404878335236,-0.0068114566286196585,0.03100781569393134,0.008022416893003328,0.005511204020785434
2021-06-07,-0.0012484679895237796,0.0005058256399135692,0.012121200736670206,0.09329996315883037,-0.0017462564675550748,0.002230771320745246,-0.002206426834220312,0.005025058874080684,0.03881462138008473,-0.012052367665885366,0.004394205491727272,0.01105643915853057,0.04256855463222539,0.05166668362087674,-3.4973326058418985e-09,0.006036181469888702,-0.07358264611837871,-1.521412729637121e-07,0.010177065759098904,0.06814810670452354,-0.006437779365870515,-0.0021517436901029433,0.05504581737815471,0.007818952264320873,0.0016476430001989442
2021-06-08,0.01594445264082799,0.012562840622350828,0.0,0.03927272449840199,0.014037058253598985,0.017007788294740495,0.006392185399073613,-0.005884407992400008,0.04281986291993956,0.029547377817226373,0.005817653387720937,0.0009449198802365125,0.04502213467743589,0.39555370154442404,-0.007130130265004248,0.0039023310343792666,0.018041219375810345,0.006593401957506226,-0.003964764297930063,0.02552618436057824,0.01785711478588194,-0.0010356224084749192,0.051724192858027,0.007010312424492736,-0.003984664344135373
2021-06-09,0.002871271722006363,0.0563116444497443,0.0,-0.05177109016565488,0.004864873112858953,0.01867156353434465,0.002472455801103409,-0.0037712918792604548,0.010399983723958334,-0.0023526630363833586,0.0009425286433370105,0.0,-0.023417713993196573,0.26410837391508263,-0.005376247449682013,-0.00666649363525802,0.2613929434169374,0.10218586329947882,-0.004846005335354434,-0.023370807090501947,-0.0006887647623568907,0.00012586052695143338,0.008620681681899441,0.006193291912944091,0.0019281931160952397
2021-06-10,-0.007033515753303027,-0.015186320432338425,0.013698616715035783,-0.028577216113732717,0.051934260659849796,0.016496070351871107,0.0007503446633405585,0.008554079759729485,-0.0679534562549438,0.008517277357974364,0.003787845035631648,0.12219261302206433,-0.02704484508831301,0.06914894036751158,-0.009107407753699132,0.014563091844721094,0.04433955626795206,0.032128349170802456,0.009226779086100197,0.07011763628791344,-0.001637892062993377,-0.0008722703404887072,0.0,0.01215928736018075,0.005825215887412379
2021-06-11,-0.0008284403861094654,0.009223294630918942,0.006756750225933821,0.0436813565030961,0.008234680643287919,-0.009319345319950328,0.0006130830462800059,0.00652098546275681,0.0088933559566916,0.0001802683938286186,0.006064492005116541,0.01220409636570065,0.016558641940343514,0.01813111758125875,0.007352900107682146,1.074189532196292e-08,0.011225523287541204,0.051759925802261686,0.00621939607339873,-0.025243564957933697,0.003975724750133304,0.0017102295211897903,0.029126186624346538,-0.0012787203950375974,-3.195863639076723e-08
2021-06-14,0.0024320821141803673,0.005321780467767487,0.01388887509151827,0.04919028805905568,-0.0027040464485337517,0.004843361567890841,0.0024597784238351637,-0.0015752608444701392,0.013542486121982812,0.003836701313533294,0.2577255869989084,-0.003750802152810021,0.0042312739528278355,-0.025282775861087778,0.007366454671626236,0.0009504274886196911,0.0375,0.03424643936222515,5.01109869661331e-08,-0.00925929441700554,0.00591069299386759,0.0009706604323224925,0.009523800873702167,-0.0016999963603933695,-0.0002785657903617739
2021-06-15,0.0012000274658204547,0.0028944177666932183,0.03125006402842773,0.024385954204358552,-0.007846976567019312,-0.0010962157765793906,0.0004904142812530581,0.0041692765278469705,-0.01342399668009577,-0.0016189350581157567,0.013611157735188803,-0.013801080034225456,-0.007829224829768886,-0.009549753827122516,-0.0036697308811152935,0.005853628943573212,0.042590907075400176,-0.025691665193149867,-0.001801860505581674,0.0,-0.007303977618912486,-0.004640337724388889,0.0,-0.0008699633737621006,-0.0008380359281355672
2021-06-16,-0.013109368980931983,-0.0009871795160818287,-0.015384601277006126,-0.04911926627555671,-0.006201593636572516,-0.007743058962838121,0.0034795423766544892,-0.0023294722366005594,-0.03262918879476813,-0.0030365846381139386,-0.03522190826414781,-0.0044236321941270975,-0.02430308492855078,-0.014524383172891403,-0.007561399881371622,-0.00969928298149581,-0.020408206439086557,-5.763902693587208e-08,-0.006224899613139998,-0.032810973251257106,-0.020376565947960418,-0.007593419901964385,-0.010999977588653564,-0.00219399483986474,-0.0015320631304149373
2021-06-17,-0.004838666757112054,-0.010157570737090754,0.0,-0.021384565035333997,-0.00805638683257206,-0.0070681370525752,0.008238622240499162,0.00012462014780174516,0.004619450032102644,-0.0049266462096084936,-0.010791385004946757,-0.011356601116610113,-0.017080765921899985,0.0007722184578470724,-0.01340993002637692,-0.0009533196204905145,0.007213699062699449,-0.0020448791657958587,0.006161955759643745,-0.013572408661526422,0.0006663433805385874,0.002587112555488932,-0.021212148943697332,0.0,0.00013936858925131876
2021-06-18,0.00550095817098401,0.011663388577090228,-0.015999984741211115,0.008727132937458248,-0.013359651788528725,-0.000267907867496115,-0.0033112439378070796,-0.01465666519149433,-0.01525114592763884,-0.005238372683490039,-0.005747200045785595,-0.013966922672532042,0.002220557547220158,0.012261092632828187,-0.007751864696548661,-0.008919688599659402,-0.020480814925351996,0.0081053509982434,-0.013410896105157923,-0.0009713675383901385,0.006756750225933819,-0.008841518572931372,-0.0010416532789043573,-0.007197474165850432,-0.010434180493454208
2021-06-21,-0.01064250882270869,-0.004629585276489895,-0.03999996185302716,0.03509959314829884,0.008138344285550466,-0.014402141040348822,-0.013703527952740116,0.00549505862353328,0.01463843193718222,0.0018770482019202118,0.0031318031057109424,0.006718519119794224,-0.0023255607642109046,0.010880362586342575,0.003921564960882865,0.003008995608996432,0.05394743380454329,-0.010504225834369703,0.011574057341616104,-0.0015923931211534745,-0.007674282914571843,-0.00238067210806288,0.0,0.0013458402003017071,0.007713146776864615
2021-06-22,-0.001180200100529728,-0.001040591901679377,0.0,-0.028550910249534912,-0.010189276351394874,-0.005552491959959023,0.0037535440335896603,0.0031040537711056965,0.08663972168187407,-0.004155754423630553,-0.008774700344231301,0.0,-0.0023437291034499055,0.04893240230734937,0.007843071595105744,0.0029126549124563537,-0.0014815153899014888,0.001095307187219597,-0.0058139592642590795,-0.0961144791460771,-0.013975440435152729,0.002383469664088439,-0.024096402059905216,-0.00445435982500279,0.00014088222623147477
2021-06-23,0.0023621837339957287,0.003138049518629266,0.008264454667761998,-0.021108624207543742,-0.0032817484798213408,-0.011669180767112057,0.0029911461416971506,0.0020823145483721116,0.004764079314135284,0.013291397821578033,0.006605821907041499,-0.0022312997420206233,-0.011185654007238272,0.10451303902325038,-2.7413335829808916e-08,0.008849492073527658,0.02222223635073035,0.0011025230217785434,-0.0017897222782131954,0.01943968879572798,0.019727954119829944,-0.0018680139499150695,0.02242150278942381,0.0027136799767567216,0.0021181868806142666
2021-06-24,0.008374545470914714,0.008487291707357654,0.0,-0.005488845609123081,0.004044950678107444,0.0068593528023071105,0.006800282711757341,0.007477373428372063,0.008297653663744516,0.028054864987246266,0.00399757276400055,0.016076968852347637,0.006849253924054403,0.08387562211217019,0.023762394331287743,0.0034214495370664855,-0.003673713322690653,0.010649556840358537,0.0009016493849659877,0.011999947684151989,0.011010790611762019,0.054239856598462116,0.04999995231628396,0.00045037482836042823,0.004811170233315618
2021-06-25,0.0018846300703530717,-0.0019860481326164775,-0.015267161679471843,-0.016754863318456912,0.0017786089788546977,0.18753113180632383,0.002787431684353246,0.005758980464572707,0.007960069995949118,0.014356755700733989,0.0020936205177159686,0.008195735037945755,-0.03706626622374463,-0.02610584899732478,0.03112845230715335,0.006763218691636652,-0.015288412910350225,0.005263201821833022,0.001323392176680894,-0.006857190813337054,0.007039148730064932,0.0030769483577570266,0.004999995231627974,-0.0008948750524524042,0.004243294281930864
2021-06-28,0.007468216970231615,0.0009931147365750156,0.0,0.019237829715333426,-0.0051960609331668205,0.022178531243981028,0.008876366298251219,0.0006532590712576428,0.008305119272519087,-0.0003422990614573982,0.0038382365578655503,0.0,-0.0049504510320887134,0.006168074175712864,8.35543165524591e-09,-1.2874613189475683e-07,-0.0007122670163112763,4.1941542835708427e-08,-0.006666604201074068,0.004648566839661268,0.014422044159754998,0.0053028157554278295,0.010309268214748769,-0.00585054747002026,-0.0016832132140186349
2021-06-29,0.0,0.003995993387917521,0.016528909335524915,0.016348317896424693,0.0033034305361017697,-0.04631657382312172,0.003789639688971635,0.007131688580118771,0.0015943556290297612,-0.00590943556480209,0.004497797083718353,0.005860391453006285,-0.021093785448464835,-0.0070312618161548525,4.238144398486954e-08,0.00985234068333451,-0.011111100809073472,-0.003243267773633768,0.009764716069489582,0.002193032677044748,-0.005060728588622287,-0.004749139997619763,0.011235993364706038,-0.0032725430959151046,0.0021310951895464904
2021-06-30,-0.005632730877110243,-0.00990099687596942,0.06400003433227522,-0.007620065618471058,-0.009708774720187212,-0.05529566702479821,0.014521929183500495,-0.0016854533603820482,-0.005643031173427749,-0.0014542426408329099,-0.006313863351481246,-0.0053786361651054155,-0.010620924581033302,0.017964126568860313,-0.003731386444132557,0.0029041673827474744,-0.011940287460221464,-0.011261370968745615,-0.008032123009174214,-0.013050558949624804,0.0047676137810750245,-0.05939747378402861,0.004210534901500186,0.00047439416119700637,-0.0019960599956317473
2021-07-01,-0.009863437893082859,0.000516799222703001,0.024390220263873517,0.0031757287262989724,0.00708498927261159,0.0,0.0011710913445563056,0.008009285024759463,-0.0034557088599663915,0.006208578236481818,-0.002102724328600695,0.017025033223260308,-0.0032733192290474926,-0.00825823267248215,0.013157828400371965,0.019249223152424475,-0.012908130243670341,1.1817591448444962e-07,0.009721615230852057,0.0053731434380830225,0.029511272035881674,-0.011839821888090978,-0.005268698868918646,0.012258380014366379,0.005139275433257162
2021-07-02,0.011326888932972038,-0.0010521026106581994,-0.008264454667762915,-0.026742912768245832,0.0014706219218877017,0.23246124646363264,-0.0003214958748448938,0.0001271750186411032,0.002153075161930362,0.0015636027633282347,-0.0015240185816793224,0.002027434266821062,-0.007395246674091101,-0.013463127918741593,6.781278228134597e-08,-0.005670970172011012,-0.02124184916206733,-0.009732372889613792,-0.0004337378600192168,-0.004884000476487634,0.007072628386293031,0.0,0.004347834819205834,0.00511392883222099,-0.0026851012607079223
2021-07-06,0.006546638458094403,0.0005332790783012317,-0.016393426604502718,0.028868360785792406,0.0014792296982821234,0.004672961851074158,0.0019007424601519209,-0.006980596391540921,0.005768368379347802,0.0041390447157797225,0.007171797456345089,-0.004174646115887525,0.004170157772255378,-0.05123829030872209,0.01669753985874242,0.004784613362265815,0.057510738045712995,0.00499379370950832,0.0030568014087759034,-0.009380839316908921,-0.01984126924056797,-0.0006938122931808965,0.011111167036458309,0.0009311200274628138,0.0011333457622387246
2021-07-07,-0.01823341804599076,-0.0058635123222629685,0.026315764707211396,-0.04523615618391008,0.0005408452680167199,0.002591209853730799,0.005821905528278427,-0.005578602421715897,-0.017839234326250872,0.007110589041340542,0.0,-0.0009989900524273161,0.0008285193980673475,0.04700002670288104,0.007380142943562726,-0.003891038750943159,-0.0042052303861319145,0.007471982196641,-0.008014255586393149,-0.008212262480572018,-0.0017896232044031528,0.0,0.006741620290010757,-0.010471171392567268,0.00042871441821154744
2021-07-08,-0.020096072378258143,-0.026055214072914754,-0.03669732095175402,-0.09141333392016643,0.0002914375384440945,-0.02426528010511309,-0.029600179788778522,-0.015948535756951213,-0.05680269392131038,-0.025254058295696644,-0.022999355623832887,-0.02871416545390784,-0.031468502612059496,-0.03497943860569679,-0.012986977611887742,-0.018645728992214908,-0.04657536417948722,-0.026993876324691055,-0.0226465038909873,-0.05905509396633257,-0.04735013600837164,-0.019161084285703105,-0.07411271362712119,-0.021171852116335137,-0.010393362800530135
2021-07-09,-0.005199343138217927,-0.003651561587054246,0.02970294225053383,0.008969551887642898,0.000553110006860533,-0.0332131342875555,0.003343024948732831,0.016183805752215622,-0.0026126031311691335,0.0005667730558220972,0.0012837264352766786,0.012035192299900825,-0.00519484143946856,0.022435902334372697,0.009242116452966324,0.006789473446111222,0.0036363601684571926,0.01221008106508163,0.01761703778336506,0.006493531425117909,0.024342119462603146,-0.0018214195839432042,0.013437810329611681,0.021621647459931503,0.012866547567404156
2021-07-12,-0.0012881359152501957,-0.025223458377146034,0.0,-0.04113439635572933,-0.0038716645530750124,0.007113790014099648,0.0035203486188404077,-0.008409938650701526,0.0009935807438752103,0.00799147561069763,0.007563812624664216,-0.0017697862404131898,-0.0016963107849082392,-0.012945073711716716,-0.0018280922877346782,-0.009460541244571238,0.002692974151404039,-0.020807827594759413,-0.010801027929522726,-0.0012555214928132673,0.009664011711028443,0.0055908544103329995,0.0,-0.008137868897123667,-0.005877003727005679
2021-07-13,0.0013071363093514706,-0.004436974909891882,-0.019801961500356544,-0.04787610622638084,-0.010608628457642042,-0.008601584810360429,-0.003633897263869351,0.0035255318252693435,-0.008295943589002942,0.0009041783668516354,-0.00946375827094338,-0.0017799353858134839,-0.007111104329426609,-0.02789260839375241,0.08007458789112253,0.002892867577479006,-0.019706705370751004,-0.00880502397755258,-0.006172804727831004,-0.014332264596839431,-0.0030211348551456387,-0.004613059117138232,0.002312108934963547,-0.0071976783796540945,-0.0027801541871481966
2021-07-14,0.0017816929540929664,0.012273390074948464,0.010303071460644313,-0.013977109488892412,0.014468571998699113,-0.01297663891817767,0.005539552273058272,0.006196299038963147,0.0023881369565739,0.003305743927502057,0.004536597112103757,0.009698862043730272,0.005415200363704695,0.003928153536643999,0.015306023429496989,0.00792086744082882,-0.004807619124471244,0.009114584384407848,0.0017944233408919937,0.003396752026347084,-0.002669015443245759,-0.0010147824212476304,0.030857154301234653,0.04245756054116891,0.006948529927531987
2021-07-15,0.007421143384760091,-0.006904358645178647,-0.03875041882005127,-0.036793285402569806,-0.009837966987196559,-0.0012095831840481445,0.008197593515126248,-0.0056597949918176975,-0.04545994117145847,0.007667834534550188,0.000329217031837774,-0.003602482186600159,-0.015947474552283337,-0.0437788134885581,-0.01369857055192496,-0.008973118736546788,-0.01431486640806945,-0.003911267038566306,-0.010624049732179357,-0.008664320283626303,0.004878027600332078,-0.0016881615127275996,0.00357145366011912,-0.0029098627957791045,-0.008420681538988067
2021-07-16,0.0060550103527194764,0.0016968003412653305,0.043478218616745966,0.05083338419596354,0.015966910715554648,0.025204825147388244,0.0044863613054102,0.0006284737616993444,0.019961553926764224,0.006271160840682851,0.01651800437524472,0.0032797233555497624,0.0009460954749814812,0.016949078180278618,0.0017391138638863403,0.00902715620734397,0.008820589383950798,-0.0076628401203750526,0.010484844378605921,0.024709313003806514,0.0038918994449998155,0.0023648356480721376,0.01468791276856289,0.010752748316107357,0.0020835966003616073
2021-07-19,-0.0187178993996361,-0.01844387743293336,-0.053191502178454655,-0.0574942326707881,-0.052536226667660064,-0.024834436458702938,-0.010478536875940128,-0.024931071421588607,-0.03395640358704321,-0.022243886725596643,-0.01977497187912587,-0.027326063553533064,-0.028684468021865615,-0.040243894070971745,-0.007042166842816841,-0.008264423962716963,-0.031283808112918324,-0.016861220608430965,-0.026944845142142102,-0.041850198209515105,-0.030607420138910244,-0.01267490465454604,-0.03940887458866738,-0.04850939602878276,-0.018310014692568974
2021-07-20,0.004178191337697909,-0.05077886756783625,0.029882982288325293,0.015020233212218502,0.0012180546693508936,-0.040432139246804756,0.0058904423198223085,-0.0005494228884009169,0.0023631816838951395,0.008928878389462155,0.011538458716939804,0.0013499491873058711,0.010121399457197157,-0.012048238454422584,0.008928521480302279,0.009564108425034523,0.008474669590729235,0.0013104789075031019,6.745662597749024e-08,0.013899018238689685,0.0057670128904213,-0.0013220627760115742,0.014833083421156244,0.004217181159819204,-0.0009353678869772951
2021-07-21,0.004057716472027515,-0.004632328958960049,-0.04373054499471807,-0.02993736159107136,0.05154641560144139,-0.024039918194213104,0.0016071563387384585,0.009089683095621654,-0.0177319778194438,-0.0013474862201930356,0.019892115833553155,0.004971305762640617,-0.017890732808920215,0.006347244795051402,0.008605936524335268,0.008155057906587696,-0.035503017570272716,-0.0053332526192864495,0.013163578655127807,0.0,-0.0015847792104605673,0.007888305159740334,0.011890594791262908,0.011186841223705193,0.008778788789437804
2021-07-22,0.0013320949683435803,-0.0050307903717100805,0.0,-0.015203505405682667,0.04563841362801233,-0.007192024916135954,-0.00011186820065759047,0.001469251998576213,-0.0027447097224958055,0.0017549855066065303,-0.0003309606698514986,-0.0035480689128890098,-0.007393708499301366,0.06418915399531003,0.0017241028959864711,0.00796813194076949,-0.007999992370605469,-0.0012887444292881008,-0.008646763339563305,0.00931472693347049,0.004062403781256588,0.002841353229861931,0.0034482999590714773,-0.015887857880776984,0.00045493582270356836
2021-07-23,-0.002718598403807415,0.0011350152603669368,-0.28571425327638217,0.014500458552404592,0.006391668576601178,-0.010382858468293826,0.0015349127404198234,0.0064479434778595005,0.012021212318214965,-0.004466661076368116,0.004051280502525056,0.007347745517459316,0.0,-0.03132244868607022,0.005217427792756548,0.003956431593651809,-0.013684222572728208,0.002604183866641981,0.00923087858813564,0.0007051674888802024,-0.05209467205940826,0.00047858661112425144,0.0024242834961672047,0.008979231352917897,0.006864102939412564
2021-07-26,-0.00045851577839076926,-0.009803984172524425,-0.08952952578127084,0.03595560843490476,0.001174312954122275,0.0,-0.0015192554240937351,0.001751586199965777,0.0,0.01179701850027957,0.0033197686732467434,-0.0029050952326642337,0.002946928494288822,-0.000869561405784621,0.010434725364657014,0.004008093617310449,-0.008714588349299933,-0.009138322045911135,0.006086871399434715,-0.0021738936635182847,-0.030006898366808407,0.002367822091427358,0.0,-0.00801887123471816,-0.0006078184179925732
2021-07-27,-0.007681883540028693,-0.0069044236036196315,0.023931622364111848,-0.007445997275838315,-0.0029307877271834283,-0.008164598077988132,0.012197808215034927,-0.01165443348066978,-0.005110375279600366,0.008789315014433224,-0.006386572573365403,-0.0022428759823052,0.0,-0.017560982531128453,4.680426490670799e-08,-0.007429389136042712,-0.0076418882085456715,0.001309009035743855,-0.011158755749420613,0.006396599469792187,-0.016909881241585652,-0.0030365770758459527,-0.0134474779256972,-0.005434820636233481,-0.0062223641243551765
2021-07-28,0.003228768165999857,0.003478286880982023,0.06355136042860082,-0.015785280205634373,0.002375237993840759,0.007272704573702104,0.02647482911597585,0.00013511971508678978,-0.015794736033793413,0.003442989240137992,0.006865800504684472,0.003907475974554342,0.00605453284970208,0.002484410387017614,0.0017391111876389352,0.01246107613808935,0.011802640982129043,-0.0066402288403416,0.008710836946062553,0.0,0.03938006130652604,-0.002234687963860287,0.030534336673114483,0.00698981977065565,0.003029632320636318
2021-07-29,0.009751827389679514,0.008522700644244059,0.018181800448205245,-0.023136285104774904,0.0,-0.0009618687442070545,-0.01378534126329155,0.010953462273832336,0.008751247806639065,0.00434325271789376,0.01399316921802219,0.0020947738737756836,-0.019498609955544626,-0.0036057372682181603,0.056798624926650956,0.010298642206652183,0.0010060592861162187,0.00522191431047875,0.012619719061080838,0.0021052444190308513,0.009799231498969056,0.0012268338012250788,0.035294082997992936,0.0069348835736891224,0.008428696744365758
2021-07-30,-0.014878265066075968,2.0191566576415027e-08,0.055303295008043034,-0.015473384108589915,-0.01935483510103396,0.0012995129072905355,-0.013113147296155973,-0.006658700587682519,0.0008492016810026536,-0.008252699522838152,-0.011584332135223802,-0.009227174787494208,-0.005797141778286655,-0.013382068951114911,0.0033057931752684395,-0.002061664485234815,-0.01903803497978172,0.0012920963042965844,0.018243549952090016,-0.007183935411037306,-0.009150619413945578,-0.01180625970636307,-0.006075328247408375,-0.015588092702729386,-0.0010420347744238305
2021-08-02,0.009212380072484358,0.005800484303699857,0.024956461165365932,0.015126995309736,0.0036341287165713625,-0.00566855877263661,-0.002448461533597406,0.004663595774556354,0.005461798097575943,0.018626291568098117,0.010962647789295414,0.005887804246340193,0.003937004178520675,0.007806775885818118,0.006578934066333588,0.0021052736450772273,0.0030181778583486564,-6.063960542252047e-08,-0.013409255247251199,0.012345614885131206,-0.0006714140351828244,0.008947441453365615,0.009696989488558183,0.005397478649720476,0.005869171962744854
2021-08-03,-0.003167406950947913,-0.010620346283870742,0.03754721700275441,-0.001136389621032593,-0.003416167942398546,-0.013492321739961427,-0.0044186296573250445,0.0006697226538337291,-0.005772207031722602,0.013146980025256223,-0.0686680401156627,0.0006080596059870256,-0.000990121634073075,0.018404979046077567,0.014681847374816752,-1.247417584707444e-07,-0.004803092360014741,-0.006361349276448959,0.010122463919829202,-0.0058910106152796635,-0.013522332661247563,0.0055353833837143256,0.00490798542077698,0.0009970318193491684,0.006516985909121066
2021-08-04,-0.0017985165733074963,-0.006358327510141273,0.03033254130892869,0.02500744712033513,-0.002514139675465518,-0.0025477683018454655,0.01599149867448065,0.0008065752648100383,-0.0001309608671745275,0.0017753117803167768,-0.011057841737584244,0.0013162200715527298,-0.005899746230736091,0.003694548447536813,-0.0015898078738835722,-0.013888853053726434,-0.0009699542652599886,0.0066756542083565825,-0.015301985552875678,0.0024057523920436594,0.020192989276224153,0.0020671182918890643,-0.01472395626233094,-0.0215538991845344,-0.005694566273805138
2021-08-05,-0.003587440647670932,-0.0017193204219021524,-0.08968308455975124,0.04155495190272715,-0.007756941401923298,0.007147475907950175,-0.01801801338834456,0.010368817703438091,0.008174365962506827,0.007145694609748712,-0.003649649009560222,0.0028398752538504697,0.004052681085797354,0.0023989966190319195,0.0032103064499298655,-4.114461231606729e-09,0.0062435402456033975,-0.001345883567598385,0.008309111479283064,0.14648117207351358,-0.007540477964899202,-0.005064889099058836,0.016645340771422986,0.0010282030658397112,0.006023206450283692
2021-08-06,0.005328549264900376,-0.0017132538692582223,0.007092191985804456,-0.0026857701311807404,0.0030712060781148587,0.008246121890886972,-0.016021321288917593,0.0074115239000846185,0.007494746338547206,-0.003820131326836286,-0.00529472710674993,0.011353322097746732,-0.00958776400227965,-0.009840088878222126,-0.004846594304314909,0.009803942019283514,-0.004008012393562106,-0.00269543545067786,0.017269821188930976,0.0,-0.001096474533632174,-0.006324134796504559,-0.00365856220366224,0.010521248922042438,0.0023871997597488827
2021-08-09,0.001374916914074368,0.0005704014190155524,0.05076589213830662,-0.0006116347797257361,0.007522886141555128,-0.011087771762894534,0.010898164940427656,0.002629120738020094,0.00019765947454972025,0.015834655572603377,-0.0017805996152560094,2.9659004636570494e-05,-0.0038872655006138507,0.00991324990475074,-0.0032786854490482365,-0.005434807545520558,0.007121026995677517,0.006720470297901815,0.0011900007280362416,-0.005828963818620546,-0.0031934167235666234,0.011764682161253143,-0.004968954125081938,-0.011893434564967543,0.000888938714659141
2021-08-10,0.0034888758238699447,0.01021560548209547,0.008479005496596253,0.09171604611811114,-0.102526161702272,-0.01306444465871967,0.0029745276945313407,-0.0009267558129782543,0.0014273922954719915,0.00032220979825630454,0.012720869966671818,0.0009290308175072469,0.0,0.03405212517272491,-4.381233077399826e-09,-0.0010893154735329776,0.0028653039356323715,0.001327931922699088,0.0036246213231324684,0.0031446661594003358,0.005750987425251952,0.011638040423731564,-0.002403886795880746,-0.0029182620379814856,0.0014870266406679458
2021-08-11,0.006544485952485393,0.007462676832504855,-0.05820253471949424,-0.005354333111620437,0.007287690859351213,-0.04723905348995771,0.010518361024399516,0.0038845161491507544,-0.0038982103997499233,0.0038310846289302466,0.0007110010081892682,0.002098109962502857,0.00385727698114363,0.0,-0.0016610883847773812,0.002693894607609627,0.006796086750288337,0.004026845099878265,0.007968100884134214,-0.00258731964775691,0.011080910227115418,0.016961028921062438,0.0024539561431216497,-0.014804267687902923,0.0045293679891057
2021-08-12,0.09395974700791589,-0.005678663457252932,0.052965471780260946,-0.020285242634702154,-0.0027991575899096225,-0.02083332171449446,-0.002693173427800049,-0.002171242618429251,0.006927863156395393,-0.0020908994566920898,-0.004294947635635379,0.0005044654176972826,-0.0029069509552638014,0.17097174953955596,-0.0016610883847773812,-0.005347456782047753,0.014242151008071597,2.8687476188488148e-08,0.006254866796934163,-0.0032981656489524977,0.008642193378858683,0.04547008286174546,0.00371749820318212,-0.009420577480132756,4.262058865633909e-09
2021-08-13,0.004419470190799094,0.0446479968375752,-0.039597963674391244,-0.026307799815944027,-0.009985758826792635,-0.0273708934928163,0.006291062619204679,-0.0023076552747339683,-0.011579949566578979,0.002021491135557286,-0.0014471421513016067,0.00200398151655979,-0.005899746230736091,-0.02996675370752789,0.006644576522019395,-0.0010707478499175581,-0.26036130169958754,0.02281876350557381,0.0019455188333355041,-0.013504440058930521,-0.013421230949867344,-0.008953622361841577,-0.03631957904398765,-0.0029368313776863926,0.0013032295478884173
